[
    {
        "id": "1",
        "name": "iPhone 16 Pro Max 256GB",
        "oldPrice": "34.000.000",
        "newPrice": "30.600.000",
        "saled": "5,2k",
        "origin": "Hà Nội",
        "saleOff": "10"
    },
    {
        "id": "2",
        "name": "iPhone 15 128GB",
        "oldPrice": "22.000.000",
        "newPrice": "20.020.000",
        "saled": "4,3k",
        "origin": "Đà Nẵng",
        "saleOff": "9"
    },
    {
        "id": "3",
        "name": "iPad Pro M4 11 inch Wi-Fi 256GB",
        "oldPrice": "31.000.000",
        "newPrice": "27.900.000",
        "saled": "2,1k",
        "origin": "Hồ Chí Minh",
        "saleOff": "10"
    },
    {
        "id": "4",
        "name": "iPad Air M2 13 inch Wi-Fi 128GB",
        "oldPrice": "20.000.000",
        "newPrice": "18.000.000",
        "saled": "1,9k",
        "origin": "Hà Nội",
        "saleOff": "10"
    },
    {
        "id": "5",
        "name": "AirPods Pro (Gen 2) USB-C",
        "oldPrice": "6.500.000",
        "newPrice": "5.525.000",
        "saled": "4,1k",
        "origin": "Hà Nội",
        "saleOff": "15"
    },
    {
        "id": "6",
        "name": "Apple AirPods 4th gen",
        "oldPrice": "3.499.000₫",
        "newPrice": "3.079.000₫",
        "saled": "2,6k",
        "origin": "Hồ Chí Minh",
        "saleOff": "12"
    },
    {
        "id": "7",
        "name": "MacBook Air M3 13 inch 256GB",
        "oldPrice": "30.000.000",
        "newPrice": "26.400.000",
        "saled": "2,9k",
        "origin": "Đà Nẵng",
        "saleOff": "12"
    },
    {
        "id": "8",
        "name": "MacBook Pro 14 inch M3 Pro 512GB",
        "oldPrice": "49.000.000",
        "newPrice": "46.550.000",
        "saled": "1,4k",
        "origin": "Hà Nội",
        "saleOff": "8"
    },
    {
        "id": "9",
        "name": "Apple Watch Series 10 GPS 41mm",
        "oldPrice": "12.500.000",
        "newPrice": "11.000.000",
        "saled": "3,4k",
        "origin": "Hồ Chí Minh",
        "saleOff": "12"
    },
    {
        "id": "10",
        "name": "Apple Watch Ultra 2 GPS + Cellular 49mm",
        "oldPrice": "24.000.000",
        "newPrice": "21.600.000",
        "saled": "980",
        "origin": "Hồ Chí Minh",
        "saleOff": "10"
    }
]
